category,relative_path,modified_at
1_GLOBAL_ENTRY_CONFIG,index.html,2026-02-10 01:12:14
1_GLOBAL_ENTRY_CONFIG,public/index.html,2026-02-10 00:38:31
1_GLOBAL_ENTRY_CONFIG,src/main.tsx,2026-02-10 00:40:08
1_GLOBAL_ENTRY_CONFIG,src/App.tsx,2026-02-10 01:12:16
1_GLOBAL_ENTRY_CONFIG,tailwind.config.js,2026-02-10 00:11:51
1_GLOBAL_ENTRY_CONFIG,vite.config.ts,2026-02-09 15:02:24
1_GLOBAL_ENTRY_CONFIG,tsconfig.json,2026-02-09 14:41:05
1_GLOBAL_ENTRY_CONFIG,eslint.config.js,2026-02-10 00:09:33
1_GLOBAL_ENTRY_CONFIG,.env,2026-02-09 12:04:31
2_ROUTING_PAGE_SHELLS,src/contexts/AuthContext.tsx,2026-02-10 00:09:33
2_ROUTING_PAGE_SHELLS,src/contexts/WorkflowContext.tsx,2026-02-07 22:02:45
2_ROUTING_PAGE_SHELLS,src/components/Header.tsx,2026-02-09 23:36:28
2_ROUTING_PAGE_SHELLS,src/components/Footer.tsx,2026-02-09 23:36:27
2_ROUTING_PAGE_SHELLS,src/components/Home.tsx,2026-02-09 23:36:28
2_ROUTING_PAGE_SHELLS,src/components/Labs.tsx,2026-02-09 13:36:04
3_HOME_SECTIONS,src/components/Hero.tsx,2026-02-09 21:33:27
3_HOME_SECTIONS,src/components/Foundations.tsx,2026-02-09 14:02:30
3_HOME_SECTIONS,src/components/Methods.tsx,2026-02-09 23:35:12
3_HOME_SECTIONS,src/components/MothershipSection.tsx,2026-02-09 23:35:14
3_HOME_SECTIONS,src/components/Overwatch.tsx,2026-02-09 23:35:14
3_HOME_SECTIONS,src/components/AskOllie.tsx,2026-02-09 23:36:27
3_HOME_SECTIONS,src/components/AskOllieLauncher.tsx,2026-02-10 02:10:42
4_MOTHERSHIP_VISUALIZER,src/components/MothershipVisualizer.tsx,2026-02-10 02:42:50
4_MOTHERSHIP_VISUALIZER,src/components/L0TheFirm.tsx,2026-02-09 23:36:30
4_MOTHERSHIP_VISUALIZER,src/components/L1OverwatchCommand.tsx,2026-02-09 23:34:13
4_MOTHERSHIP_VISUALIZER,src/components/L2TheElders.tsx,2026-02-09 23:34:23
4_MOTHERSHIP_VISUALIZER,src/components/L3TheForge.tsx,2026-02-10 02:31:09
4_MOTHERSHIP_VISUALIZER,src/components/L4Sovereignty.tsx,2026-02-10 02:30:08
4_MOTHERSHIP_VISUALIZER,src/components/c4-elements.tsx,2026-02-10 02:30:27
4_MOTHERSHIP_VISUALIZER,src/components/MermaidViewer.tsx,2026-02-08 23:53:18
4_MOTHERSHIP_VISUALIZER,src/types/index.ts,2026-02-09 23:36:25
4_MOTHERSHIP_VISUALIZER,src/types/viewModels.ts,2026-01-25 23:54:24
5_ICON_VISUAL_PRIMITIVES,src/components/icons/SymbolTile.tsx,2026-02-10 02:00:50
5_ICON_VISUAL_PRIMITIVES,src/components/icons/SymbolTile.css,2026-02-10 01:58:50
5_ICON_VISUAL_PRIMITIVES,src/components/Icon.tsx,2026-02-09 09:31:45
5_ICON_VISUAL_PRIMITIVES,src/styles/index.css,2026-02-10 02:14:29
5_ICON_VISUAL_PRIMITIVES,src/brand/RprLogoLockup.tsx,2026-02-08 23:53:18
6_SERVICES_WIRING,src/services/ollieClient.ts,2026-02-10 02:33:38
6_SERVICES_WIRING,src/i18n/index.ts,2026-02-09 02:31:04
6_SERVICES_WIRING,src/i18n/config.ts,2026-02-09 02:31:04
6_SERVICES_WIRING,src/i18n/locales/en/translation.json,2026-02-09 02:31:15
